"Year","Title","Authors","Venue","Citations","Link"
"2018","Identification of novel mutational drivers reveals oncogene dependencies in multiple myeloma","BA Walker, K Mavrommatis, CP Wardell, TC Ashby, M Bauer, FE Davies, ...","Blood, The Journal of the American Society of Hematology 132 (6), 587-597, 2018","569","https://scholar.google.com/citations?view_op=view_citation&hl=en&user=NfS-5IQAAAAJ&authuser=1&citation_for_view=NfS-5IQAAAAJ:2osOgNQ5qMEC"
"2019","A high-risk, Double-Hit, group of newly diagnosed myeloma identified by genomic analysis","BA Walker, K Mavrommatis, CP Wardell, TC Ashby, M Bauer, F Davies, ...","Leukemia 33 (1), 159-170, 2019","563","https://scholar.google.com/citations?view_op=view_citation&hl=en&user=NfS-5IQAAAAJ&authuser=1&citation_for_view=NfS-5IQAAAAJ:L8Ckcad2t8MC"
"2019","Genomic landscape and chronological reconstruction of driver events in multiple myeloma","F Maura, N Bolli, N Angelopoulos, KJ Dawson, D Leongamornlert, ...","Nature communications 10 (1), 3835, 2019","352","https://scholar.google.com/citations?view_op=view_citation&hl=en&user=NfS-5IQAAAAJ&authuser=1&citation_for_view=NfS-5IQAAAAJ:vV6vV6tmYwMC"
"2018","Genomic patterns of progression in smoldering multiple myeloma","N Bolli, F Maura, S Minvielle, D Gloznik, R Szalat, A Fullam, ...","Nature communications 9 (1), 3363, 2018","254","https://scholar.google.com/citations?view_op=view_citation&hl=en&user=NfS-5IQAAAAJ&authuser=1&citation_for_view=NfS-5IQAAAAJ:4DMP91E08xMC"
"2015","Bortezomib produces high hematological response rates with prolonged renal survival in monoclonal immunoglobulin deposition disease","C Cohen, B Royer, V Javaugue, R Szalat, K El Karoui, A Caulier, ...","Kidney international 88 (5), 1135-1143, 2015","180","https://scholar.google.com/citations?view_op=view_citation&hl=en&user=NfS-5IQAAAAJ&authuser=1&citation_for_view=NfS-5IQAAAAJ:u_35RYKgDlwC"
"2015","Clinico‐biological characteristics and treatment of type I monoclonal cryoglobulinaemia: a study of 64 cases","S Harel, M Mohr, I Jahn, F Aucouturier, L Galicier, B Asli, M Malphettes, ...","British journal of haematology 168 (5), 671-678, 2015","156","https://scholar.google.com/citations?view_op=view_citation&hl=en&user=NfS-5IQAAAAJ&authuser=1&citation_for_view=NfS-5IQAAAAJ:UeHWp8X0CEIC"
"2018","Biological and prognostic impact of APOBEC-induced mutations in the spectrum of plasma cell dyscrasias and multiple myeloma cell lines","F Maura, M Petljak, M Lionetti, I Cifola, W Liang, E Pinatel, LB Alexandrov, ...","Leukemia 32 (4), 1043-1047, 2018","135","https://scholar.google.com/citations?view_op=view_citation&hl=en&user=NfS-5IQAAAAJ&authuser=1&citation_for_view=NfS-5IQAAAAJ:CHSYGLWDkRkC"
"2011","Pathogenesis and treatment of xanthomatosis associated with monoclonal gammopathy","R Szalat, B Arnulf, L Karlin, M Rybojad, B Asli, M Malphettes, L Galicier, ...","Blood, The Journal of the American Society of Hematology 118 (14), 3777-3784, 2011","135","https://scholar.google.com/citations?view_op=view_citation&hl=en&user=NfS-5IQAAAAJ&authuser=1&citation_for_view=NfS-5IQAAAAJ:Y0pCki6q_DkC"
"2015","Good syndrome: an adult-onset immunodeficiency remarkable for its high incidence of invasive infections and autoimmune complications","M Malphettes, L Gérard, L Galicier, D Boutboul, B Asli, R Szalat, A Perlat, ...","Clinical Infectious Diseases 61 (2), e13-e19, 2015","130","https://scholar.google.com/citations?view_op=view_citation&hl=en&user=NfS-5IQAAAAJ&authuser=1&citation_for_view=NfS-5IQAAAAJ:dfsIfKJdRG4C"
"2021","Prevalence and outcome of COVID-19 infection in cancer patients: a national Veterans Affairs study","NR Fillmore, J La, RE Szalat, DP Tuck, V Nguyen, C Yildirim, NV Do, ...","JNCI: Journal of the National Cancer Institute 113 (6), 691-698, 2021","118","https://scholar.google.com/citations?view_op=view_citation&hl=en&user=NfS-5IQAAAAJ&authuser=1&citation_for_view=NfS-5IQAAAAJ:pqnbT2bcN3wC"
"2023","Graded cardiac response criteria for patients with systemic light chain amyloidosis","E Muchtar, A Dispenzieri, B Wisniowski, G Palladini, P Milani, G Merlini, ...","Journal of Clinical Oncology 41 (7), 1393-1403, 2023","111","https://scholar.google.com/citations?view_op=view_citation&hl=en&user=NfS-5IQAAAAJ&authuser=1&citation_for_view=NfS-5IQAAAAJ:tS2w5q8j5-wC"
"2016","A novel 3D mesenchymal stem cell model of the multiple myeloma bone marrow niche: biologic and clinical applications","J Jakubikova, D Cholujova, T Hideshima, P Gronesova, A Soltysova, ...","Oncotarget 7 (47), 77326, 2016","96","https://scholar.google.com/citations?view_op=view_citation&hl=en&user=NfS-5IQAAAAJ&authuser=1&citation_for_view=NfS-5IQAAAAJ:zYLM7Y9cAGgC"
"2018","Diagnosis of Castleman disease.","R Szalat, NC Munshi","Hematology/oncology clinics of North America 32 (1), 53-64, 2018","77","https://scholar.google.com/citations?view_op=view_citation&hl=en&user=NfS-5IQAAAAJ&authuser=1&citation_for_view=NfS-5IQAAAAJ:xtRiw3GOFMkC"
"2013","Consolidation with VTd significantly improves the complete remission rate and time to progression following VTd induction and single autologous stem cell transplantation in …","X Leleu, G Fouquet, B Hebraud, M Roussel, D Caillot, ML Chrétien, ...","Leukemia 27 (11), 2242-2244, 2013","75","https://scholar.google.com/citations?view_op=view_citation&hl=en&user=NfS-5IQAAAAJ&authuser=1&citation_for_view=NfS-5IQAAAAJ:Tyk-4Ss8FVUC"
"2020","Genome-wide somatic alterations in multiple myeloma reveal a superior outcome group","MK Samur, A Aktas Samur, M Fulciniti, R Szalat, T Han, M Shammas, ...","Journal of Clinical Oncology 38 (27), 3107-3118, 2020","74","https://scholar.google.com/citations?view_op=view_citation&hl=en&user=NfS-5IQAAAAJ&authuser=1&citation_for_view=NfS-5IQAAAAJ:QIV2ME_5wuYC"
"2016","Gene expression profiles in myeloma: ready for the real world?","R Szalat, H Avet-Loiseau, NC Munshi","Clinical Cancer Research 22 (22), 5434-5442, 2016","74","https://scholar.google.com/citations?view_op=view_citation&hl=en&user=NfS-5IQAAAAJ&authuser=1&citation_for_view=NfS-5IQAAAAJ:ldfaerwXgEUC"
"2024","Role of minimal residual disease assessment in multiple myeloma","RE Szalat, KC Anderson, NC Munshi","Haematologica 109 (7), 2049, 2024","71","https://scholar.google.com/citations?view_op=view_citation&hl=en&user=NfS-5IQAAAAJ&authuser=1&citation_for_view=NfS-5IQAAAAJ:q3oQSFYPqjQC"
"2018","Nucleotide excision repair is a potential therapeutic target in multiple myeloma","R Szalat, MK Samur, M Fulciniti, M Lopez, P Nanjappa, A Cleynen, K Wen, ...","Leukemia 32 (1), 111-119, 2018","64","https://scholar.google.com/citations?view_op=view_citation&hl=en&user=NfS-5IQAAAAJ&authuser=1&citation_for_view=NfS-5IQAAAAJ:ZHo1McVdvXMC"
"2018","Long intergenic non-coding RNAs have an independent impact on survival in multiple myeloma","MK Samur, S Minvielle, A Gulla, M Fulciniti, A Cleynen, A Aktas Samur, ...","Leukemia 32 (12), 2626-2635, 2018","62","https://scholar.google.com/citations?view_op=view_citation&hl=en&user=NfS-5IQAAAAJ&authuser=1&citation_for_view=NfS-5IQAAAAJ:9ZlFYXVOiuMC"
"2023","High-dose melphalan treatment significantly increases mutational burden at relapse in multiple myeloma","MK Samur, M Roncador, A Aktas Samur, M Fulciniti, AH Bazarbachi, ...","Blood 141 (14), 1724-1736, 2023","61","https://scholar.google.com/citations?view_op=view_citation&hl=en&user=NfS-5IQAAAAJ&authuser=1&citation_for_view=NfS-5IQAAAAJ:sSrBHYA8nusC"
"2014","Physiopathology of necrobiotic xanthogranuloma with monoclonal gammopathy","R Szalat, J Pirault, JP Fermand, A Carrié, F Saint‐Charles, M Olivier, ...","Journal of Internal Medicine 276 (3), 269-284, 2014","56","https://scholar.google.com/citations?view_op=view_citation&hl=en&user=NfS-5IQAAAAJ&cstart=20&pagesize=80&authuser=1&citation_for_view=NfS-5IQAAAAJ:rO6llkc54NcC"
"2017","Functional role and therapeutic targeting of p21-activated kinase 4 in multiple myeloma","M Fulciniti, J Martinez-Lopez, W Senapedis, S Oliva, R Lakshmi Bandi, ...","Blood, The Journal of the American Society of Hematology 129 (16), 2233-2245, 2017","52","https://scholar.google.com/citations?view_op=view_citation&hl=en&user=NfS-5IQAAAAJ&cstart=20&pagesize=80&authuser=1&citation_for_view=NfS-5IQAAAAJ:MXK_kJrjxJIC"
"2022","Predictors of hematologic response and survival with stem cell transplantation in AL amyloidosis: A 25‐year longitudinal study","JN Gustine, A Staron, RE Szalat, LM Mendelson, T Joshi, FL Ruberg, ...","American journal of hematology 97 (9), 1189-1199, 2022","47","https://scholar.google.com/citations?view_op=view_citation&hl=en&user=NfS-5IQAAAAJ&cstart=20&pagesize=80&authuser=1&citation_for_view=NfS-5IQAAAAJ:08ZZubdj9fEC"
"2017","Expressed fusion gene landscape and its impact in multiple myeloma","A Cleynen, R Szalat, M Kemal Samur, S Robiou du Pont, L Buisson, ...","Nature communications 8 (1), 1893, 2017","47","https://scholar.google.com/citations?view_op=view_citation&hl=en&user=NfS-5IQAAAAJ&cstart=20&pagesize=80&authuser=1&citation_for_view=NfS-5IQAAAAJ:9yKSN-GCB0IC"
"2020","Genomic instability in multiple myeloma","DA Alagpulinsa, RE Szalat, MC Poznansky, RJS Reis","Trends in cancer 6 (10), 858-873, 2020","44","https://scholar.google.com/citations?view_op=view_citation&hl=en&user=NfS-5IQAAAAJ&cstart=20&pagesize=80&authuser=1&citation_for_view=NfS-5IQAAAAJ:BqipwSGYUEgC"
"2015","Genomic heterogeneity in multiple myeloma","R Szalat, NC Munshi","Current opinion in genetics & development 30, 56-65, 2015","44","https://scholar.google.com/citations?view_op=view_citation&hl=en&user=NfS-5IQAAAAJ&cstart=20&pagesize=80&authuser=1&citation_for_view=NfS-5IQAAAAJ:YOwf2qJgpHMC"
"2024","Graded organ response and progression criteria for kidney immunoglobulin light chain amyloidosis","E Muchtar, B Wisniowski, S Geyer, G Palladini, P Milani, G Merlini, ...","JAMA oncology 10 (10), 1362-1369, 2024","43","https://scholar.google.com/citations?view_op=view_citation&hl=en&user=NfS-5IQAAAAJ&cstart=20&pagesize=80&authuser=1&citation_for_view=NfS-5IQAAAAJ:1qzjygNMrQYC"
"2010","Anti-NuMA1 and anti-NuMA2 (anti-HsEg5) antibodies: Clinical and immunological features: A propos of 40 new cases and review of the literature","R Szalat, P Ghillani-Dalbin, M Jallouli, Z Amoura, L Musset, P Cacoub, ...","Autoimmunity reviews 9 (10), 652-656, 2010","40","https://scholar.google.com/citations?view_op=view_citation&hl=en&user=NfS-5IQAAAAJ&cstart=20&pagesize=80&authuser=1&citation_for_view=NfS-5IQAAAAJ:NMxIlDl6LWMC"
"2015","The spectrum of neutrophilic dermatoses associated with monoclonal gammopathy: association with IgA isotype and inflammatory profile","R Szalat, G Monsel, W Le Goff, M Battistella, D Bengouffa, MH Schlageter, ...","Journal of the American Academy of Dermatology 73 (5), 809-820, 2015","39","https://scholar.google.com/citations?view_op=view_citation&hl=en&user=NfS-5IQAAAAJ&cstart=20&pagesize=80&authuser=1&citation_for_view=NfS-5IQAAAAJ:g5m5HwL7SMYC"
"2024","Bone marrow stromal cells induce chromatin remodeling in multiple myeloma cells leading to transcriptional changes","M Binder, RE Szalat, S Talluri, M Fulciniti, H Avet-Loiseau, G Parmigiani, ...","Nature communications 15 (1), 4139, 2024","37","https://scholar.google.com/citations?view_op=view_citation&hl=en&user=NfS-5IQAAAAJ&cstart=20&pagesize=80&authuser=1&citation_for_view=NfS-5IQAAAAJ:kRWSkSYxWN8C"
"2019","Novel agents in multiple myeloma","R Szalat, NC Munshi","Cancer journal (Sudbury, Mass.) 25 (1), 45, 2019","36","https://scholar.google.com/citations?view_op=view_citation&hl=en&user=NfS-5IQAAAAJ&cstart=20&pagesize=80&authuser=1&citation_for_view=NfS-5IQAAAAJ:qUcmZB5y_30C"
"2018","Non-overlapping control of transcriptome by promoter-and super-enhancer-associated dependencies in multiple myeloma","M Fulciniti, CY Lin, MK Samur, MA Lopez, I Singh, MA Lawlor, RE Szalat, ...","Cell reports 25 (13), 3693-3705. e6, 2018","32","https://scholar.google.com/citations?view_op=view_citation&hl=en&user=NfS-5IQAAAAJ&cstart=20&pagesize=80&authuser=1&citation_for_view=NfS-5IQAAAAJ:TFP_iSt0sucC"
"2021","Organ responses after highdose melphalan and stemcell transplantation in AL amyloidosis","R Szalat, S Sarosiek, A Havasi, D Brauneis, JM Sloan, V Sanchorawala","Leukemia 35 (3), 916-919, 2021","31","https://scholar.google.com/citations?view_op=view_citation&hl=en&user=NfS-5IQAAAAJ&cstart=20&pagesize=80&authuser=1&citation_for_view=NfS-5IQAAAAJ:M3ejUd6NZC8C"
"2022","Predictive factors of outcomes in patients with AL amyloidosis treated with daratumumab","RE Szalat, J Gustine, JM Sloan, CV Edwards, V Sanchorawala","American Journal of Hematology 97 (1), 79-89, 2022","28","https://scholar.google.com/citations?view_op=view_citation&hl=en&user=NfS-5IQAAAAJ&cstart=20&pagesize=80&authuser=1&citation_for_view=NfS-5IQAAAAJ:dshw04ExmUIC"
"2021","Genetic predictors of mortality in patients with multiple myeloma","H Hassan, R Szalat","The application of clinical genetics, 241-254, 2021","26","https://scholar.google.com/citations?view_op=view_citation&hl=en&user=NfS-5IQAAAAJ&cstart=20&pagesize=80&authuser=1&citation_for_view=NfS-5IQAAAAJ:_kc_bZDykSQC"
"2023","Single-cell profiling in multiple myeloma: insights, problems, and promises","MK Samur, R Szalat, NC Munshi","Blood, The Journal of the American Society of Hematology 142 (4), 313-324, 2023","24","https://scholar.google.com/citations?view_op=view_citation&hl=en&user=NfS-5IQAAAAJ&cstart=20&pagesize=80&authuser=1&citation_for_view=NfS-5IQAAAAJ:8AbLer7MMksC"
"2021","IgM-MM is predominantly a pre–germinal center disorder and has a distinct genomic and transcriptomic signature from WM","AH Bazarbachi, H Avet-Loiseau, R Szalat, AA Samur, Z Hunter, ...","Blood, The Journal of the American Society of Hematology 138 (20), 1980-1985, 2021","24","https://scholar.google.com/citations?view_op=view_citation&hl=en&user=NfS-5IQAAAAJ&cstart=20&pagesize=80&authuser=1&citation_for_view=NfS-5IQAAAAJ:KxtntwgDAa4C"
"2019","Amplification and overexpression of E2 ubiquitin conjugase UBE2T promotes homologous recombination in multiple myeloma","DA Alagpulinsa, S Kumar, S Talluri, P Nanjappa, L Buon, C Chakraborty, ...","Blood Advances 3 (23), 3968-3972, 2019","21","https://scholar.google.com/citations?view_op=view_citation&hl=en&user=NfS-5IQAAAAJ&cstart=20&pagesize=80&authuser=1&citation_for_view=NfS-5IQAAAAJ:cFHS6HbyZ2cC"
"2022","Light chain amyloidosis associated with Waldenström macroglobulinemia: treatment and survival outcomes","JN Gustine, RE Szalat, A Staron, T Joshi, L Mendelson, JM Sloan, ...","Haematologica 108 (6), 1680, 2022","20","https://scholar.google.com/citations?view_op=view_citation&hl=en&user=NfS-5IQAAAAJ&cstart=20&pagesize=80&authuser=1&citation_for_view=NfS-5IQAAAAJ:B3FOqHPlNUQC"
"2019","Functional profiling of nucleotide Excision repair in breast cancer","AS Rajkumar-Calkins, R Szalat, M Dreze, I Khan, Z Frazier, ...","DNA repair 82, 102697, 2019","20","https://scholar.google.com/citations?view_op=view_citation&hl=en&user=NfS-5IQAAAAJ&cstart=20&pagesize=80&authuser=1&citation_for_view=NfS-5IQAAAAJ:5nxA0vEk-isC"
"2021","Graded renal response criteria for light chain (AL) amyloidosis","E Muchtar, B Wisniowski, G Palladini, P Milani, G Merlini, S Schoenland, ...","Blood 138, 2721, 2021","15","https://scholar.google.com/citations?view_op=view_citation&hl=en&user=NfS-5IQAAAAJ&cstart=20&pagesize=80&authuser=1&citation_for_view=NfS-5IQAAAAJ:XiSMed-E-HIC"
"2020","High-dose melphalan significantly increases mutational burden in multiple myeloma cells at relapse: results from a randomized study in multiple myeloma","MK Samur, M Roncador, A Aktas-Samur, M Fulciniti, AH Bazarbachi, ...","Blood 136, 4-5, 2020","15","https://scholar.google.com/citations?view_op=view_citation&hl=en&user=NfS-5IQAAAAJ&cstart=20&pagesize=80&authuser=1&citation_for_view=NfS-5IQAAAAJ:IjCSPb-OGe4C"
"2021","Pathogenetic and prognostic implications of increased mitochondrial content in multiple myeloma","Y Ruiz-Heredia, A Ortiz-Ruiz, MK Samur, V Garrido, L Rufian, R Sanchez, ...","Cancers 13 (13), 3189, 2021","14","https://scholar.google.com/citations?view_op=view_citation&hl=en&user=NfS-5IQAAAAJ&cstart=20&pagesize=80&authuser=1&citation_for_view=NfS-5IQAAAAJ:P5F9QuxV20EC"
"2022","Recent common human coronavirus infection protects against severe acute respiratory syndrome coronavirus 2 (SARS-CoV-2) infection: A Veterans Affairs cohort study","NR Fillmore, RE Szalat, J La, W Branch-Elliman, PA Monach, V Nguyen, ...","Proceedings of the National Academy of Sciences 119 (46), e2213783119, 2022","13","https://scholar.google.com/citations?view_op=view_citation&hl=en&user=NfS-5IQAAAAJ&cstart=20&pagesize=80&authuser=1&citation_for_view=NfS-5IQAAAAJ:4fKUyHm3Qg0C"
"2016","Next-Generation Sequencing Informing Therapeutic Decisions and Personalized Approaches.","R Szalat, NC Munshi","American Society of Clinical Oncology Educational book. American Society of …, 2016","13","https://scholar.google.com/citations?view_op=view_citation&hl=en&user=NfS-5IQAAAAJ&cstart=20&pagesize=80&authuser=1&citation_for_view=NfS-5IQAAAAJ:D03iK_w7-QYC"
"2014","Partial response at completion of bortezomib-thalidomide-dexamethasone (VTd) induction regimen upfront in multiple myeloma does not preclude response to VTd in consolidation","G Fouquet, B Hebraud, S Garciaz, AM Stoppa, M Roussel, D Caillot, ...","Journal of Cancer 5 (3), 248, 2014","13","https://scholar.google.com/citations?view_op=view_citation&hl=en&user=NfS-5IQAAAAJ&cstart=20&pagesize=80&authuser=1&citation_for_view=NfS-5IQAAAAJ:KlAtU1dfN6UC"
"2026","Genomically smoldering multiple myeloma is not a distinct entity but a collection of monoclonal gammopathy of undetermined significance or multiple myeloma","A Aktas Samur, J Corre, S Talluri, P Shah, A Graffeuil, J Rivera, Y Fan, ...","Journal of Clinical Oncology 44 (4), 321-334, 2026","11","https://scholar.google.com/citations?view_op=view_citation&hl=en&user=NfS-5IQAAAAJ&cstart=20&pagesize=80&authuser=1&citation_for_view=NfS-5IQAAAAJ:1yQoGdGgb4wC"
"2021","Lack of differential impact of del17p on survival in African Americans compared with White patients with multiple myeloma: a VA study","NR Fillmore, D Cirstea, A Munjuluri, H Yameen, SV Yellapragada, NV Do, ...","Blood Advances 5 (18), 3511-3514, 2021","11","https://scholar.google.com/citations?view_op=view_citation&hl=en&user=NfS-5IQAAAAJ&cstart=20&pagesize=80&authuser=1&citation_for_view=NfS-5IQAAAAJ:nb7KW1ujOQ8C"
"2021","Graded cardiac response criteria for AL amyloidosis: the impact of depth of cardiac response on survival","E Muchtar, A Dispenzieri, B Wisniowski, G Palladini, P Milani, G Merlini, ...","Blood 138, 2720, 2021","10","https://scholar.google.com/citations?view_op=view_citation&hl=en&user=NfS-5IQAAAAJ&cstart=20&pagesize=80&authuser=1&citation_for_view=NfS-5IQAAAAJ:uWQEDVKXjbEC"
"2016","Gene expression profile in clinical practice","R Szalat, H Avet-Loiseau, NC Munshi","Clinical cancer research: an official journal of the American Association …, 2016","8","https://scholar.google.com/citations?view_op=view_citation&hl=en&user=NfS-5IQAAAAJ&cstart=20&pagesize=80&authuser=1&citation_for_view=NfS-5IQAAAAJ:k_IJM867U9cC"
"2021","Clinical characteristics, treatment regimens, and survival in elderly patients with AL amyloidosis","J Acevedo, G Doros, R Szalat, V Sanchorawala","Clinical Lymphoma, Myeloma and Leukemia 21 (6), 425-426, 2021","7","https://scholar.google.com/citations?view_op=view_citation&hl=en&user=NfS-5IQAAAAJ&cstart=20&pagesize=80&authuser=1&citation_for_view=NfS-5IQAAAAJ:IWHjjKOFINEC"
"2023","When a number is just a number: Duffy-null blood group phenotype, absolute neutrophil count, and incidence of neutropenic fever and chemotherapy dose reductions in patients …","M Abdallah, F Arters, J Patel, M Lefebvre, CV Edwards, A Lerner, ...","Blood 142, 7432, 2023","6","https://scholar.google.com/citations?view_op=view_citation&hl=en&user=NfS-5IQAAAAJ&cstart=20&pagesize=80&authuser=1&citation_for_view=NfS-5IQAAAAJ:eJXPG6dFmWUC"
"2022","Prevalence of monoclonal gammopathy of undetermined significance (MGUS) in US Black women","KA Bertrand, G Zirpoli, BN Pillalamarri, R Szalat, JR Palmer, Y Kataria","American journal of hematology 97 (9), E341, 2022","6","https://scholar.google.com/citations?view_op=view_citation&hl=en&user=NfS-5IQAAAAJ&cstart=20&pagesize=80&authuser=1&citation_for_view=NfS-5IQAAAAJ:tOudhMTPpwUC"
"2018","Landscape of recurrent mutations in non-coding genome with functional implications in newly-diagnosed multiple myeloma","MK Samur, C Chakraborty, R Szalat, AA Samur, M Fulciniti, MA Lopez, ...","Blood 132, 190, 2018","6","https://scholar.google.com/citations?view_op=view_citation&hl=en&user=NfS-5IQAAAAJ&cstart=20&pagesize=80&authuser=1&citation_for_view=NfS-5IQAAAAJ:hqOjcs7Dif8C"
"2016","Analysis of mutational signatures suggest that aid has an early and driver role in multiple myeloma","F Maura, N Bolli, S Minvielle, D Gloznik, R Szalat, A Fullam, ...","Blood, The Journal of the American Society of Hematology 128 (22), 116-116, 2016","6","https://scholar.google.com/citations?view_op=view_citation&hl=en&user=NfS-5IQAAAAJ&cstart=20&pagesize=80&authuser=1&citation_for_view=NfS-5IQAAAAJ:_xSYboBqXhAC"
"2025","Teclistamab therapy for refractory type 1 cryoglobulinemia","J Battaglini, J Henderson, V Sanchorawala, R Szalat","Haematologica 110 (8), 1891, 2025","5","https://scholar.google.com/citations?view_op=view_citation&hl=en&user=NfS-5IQAAAAJ&cstart=20&pagesize=80&authuser=1&citation_for_view=NfS-5IQAAAAJ:PELIpwtuRlgC"
"2024","Deciphering racial disparities in multiple myeloma outcomes","KA Bertrand, R Szalat","Blood Advances 8 (1), 234-235, 2024","5","https://scholar.google.com/citations?view_op=view_citation&hl=en&user=NfS-5IQAAAAJ&cstart=20&pagesize=80&authuser=1&citation_for_view=NfS-5IQAAAAJ:eflP2zaiRacC"
"2018","Understanding therapeutic emergencies in acute hemolysis","D Boutboul, F Touzot, R Szalat","Intensive Care Medicine 44 (4), 482-485, 2018","5","https://scholar.google.com/citations?view_op=view_citation&hl=en&user=NfS-5IQAAAAJ&cstart=20&pagesize=80&authuser=1&citation_for_view=NfS-5IQAAAAJ:yD5IFk8b50cC"
"2024","Body size and risk of multiple myeloma in the Black Women’s Health Study: Epidemiology","Y Kataria, B Niharika Pillalamarri, G Zirpoli, R Szalat, JR Palmer, ...","British Journal of Cancer 130 (5), 830-835, 2024","4","https://scholar.google.com/citations?view_op=view_citation&hl=en&user=NfS-5IQAAAAJ&cstart=20&pagesize=80&authuser=1&citation_for_view=NfS-5IQAAAAJ:BrmTIyaxlBUC"
"2019","Favorable progression-free survival associated with immune Bio-markers modulated by pomalidomide in relapsed/refractory multiple myeloma: An analysis of phase III study","R Prabhala, MK Samur, S Talluri, M Stekla, C Yenumula, MA Lopez, ...","Blood 134, 1784, 2019","4","https://scholar.google.com/citations?view_op=view_citation&hl=en&user=NfS-5IQAAAAJ&cstart=20&pagesize=80&authuser=1&citation_for_view=NfS-5IQAAAAJ:J_g5lzvAfSwC"
"2017","Mapping of the multiple myeloma transcriptional core regulatory circuitry reveals TCF3 as a novel dependency and an oncogenic collaborator of MYC","CY Lin, M Fulciniti, MA Lopez, MK Samur, R Szalat, CJ Ott, C Epstein, ...","Blood 130, 64, 2017","4","https://scholar.google.com/citations?view_op=view_citation&hl=en&user=NfS-5IQAAAAJ&cstart=20&pagesize=80&authuser=1&citation_for_view=NfS-5IQAAAAJ:M05iB0D1s5AC"
"2024","Febrile neutropenia in patients with Duffy-null–associated neutrophil counts and multiple myeloma or AL amyloidosis","M Abdallah, F Arters, J Patel, C Edwards, A Lerner, F Petrocca, ...","Blood Advances 8 (23), 5935-5938, 2024","3","https://scholar.google.com/citations?view_op=view_citation&hl=en&user=NfS-5IQAAAAJ&cstart=20&pagesize=80&authuser=1&citation_for_view=NfS-5IQAAAAJ:wbdj-CoPYUoC"
"2024","Clinical characteristics and therapeutic response of patients with heavy chain (AH) and heavy and light chain (AHL) amyloidosis","KY Li, A Staron, V Sanchorawala, RE Szalat","Blood 144, 3303, 2024","3","https://scholar.google.com/citations?view_op=view_citation&hl=en&user=NfS-5IQAAAAJ&cstart=20&pagesize=80&authuser=1&citation_for_view=NfS-5IQAAAAJ:WA5NYHcadZ8C"
"2024","Differentiating between MM like smoldering myeloma (SMM) and non-progressor SMM","A Aktas-Samur, M Fulciniti, P Shah, S Derebail, RE Szalat, J Corre, ...","Blood 144, 1018, 2024","3","https://scholar.google.com/citations?view_op=view_citation&hl=en&user=NfS-5IQAAAAJ&cstart=20&pagesize=80&authuser=1&citation_for_view=NfS-5IQAAAAJ:XiVPGOgt02cC"
"2021","Presence of Extrachromosomal DNA (ecDNA) Impacts Both Progression Free and Overall Survival and Is an Independent Poor Prognostic Marker in Multiple Myeloma","P Shah, A Aktas-Samur, M Fulciniti, R Szalat, MA Shammas, ...","Blood 138, 461, 2021","3","https://scholar.google.com/citations?view_op=view_citation&hl=en&user=NfS-5IQAAAAJ&cstart=20&pagesize=80&authuser=1&citation_for_view=NfS-5IQAAAAJ:u9iWguZQMMsC"
"2017","Abnormalities in mitochondrial DNA copy number have pathogenetic and prognostic implications in multiple myeloma","Y Ruiz-Heredia, MK Samur, A Ortiz-Ruiz, RA Fernández, ...","Blood, The Journal of the American Society of Hematology 130 (Suppl_1), 4378 …, 2017","3","https://scholar.google.com/citations?view_op=view_citation&hl=en&user=NfS-5IQAAAAJ&cstart=20&pagesize=80&authuser=1&citation_for_view=NfS-5IQAAAAJ:4JMBOYKVnBMC"
"2016","A detailed alternate splicing landscape in multiple myeloma with significant potential biological and clinical implications","AA Samur, MK Samur, S Minvielle, F Magrangeas, M Fulciniti, R Szalat, ...","Blood 128 (22), 356, 2016","3","https://scholar.google.com/citations?view_op=view_citation&hl=en&user=NfS-5IQAAAAJ&cstart=20&pagesize=80&authuser=1&citation_for_view=NfS-5IQAAAAJ:RGFaLdJalmkC"
"2012","Cutaneous manifestations revealing cryofibrinogenaemia associated with monoclonal gammopathy","J Delyon, M Bezier, F Cordoliani, M Malphettes, R Szalat, M Bagot, ...","Annales de Dermatologie et de Venereologie 140 (1), 30-35, 2012","3","https://scholar.google.com/citations?view_op=view_citation&hl=en&user=NfS-5IQAAAAJ&cstart=20&pagesize=80&authuser=1&citation_for_view=NfS-5IQAAAAJ:aqlVkmm33-oC"
"2026","ID2 suppresses multiple myeloma cell proliferation by repressing the activity of the transcription factor TCF3","M Fulciniti, Y Yao, T Perini, J Fong Ng, A Schavgoulidze, S Deng, J Cui, ...","Blood Cancer Discovery 7 (1), 129-141, 2026","2","https://scholar.google.com/citations?view_op=view_citation&hl=en&user=NfS-5IQAAAAJ&cstart=20&pagesize=80&authuser=1&citation_for_view=NfS-5IQAAAAJ:WqliGbK-hY8C"
"2025","Bleeding Patterns and Clinical Outcomes in Patients With Systemic AL Amyloidosis‐Related Acquired Factor X Deficiency","O Cetin, A Staron, P Teodorescu, JM Sloan, V Sanchorawala, R Szalat","American Journal of Hematology 100 (12), 2416-2420, 2025","2","https://scholar.google.com/citations?view_op=view_citation&hl=en&user=NfS-5IQAAAAJ&cstart=20&pagesize=80&authuser=1&citation_for_view=NfS-5IQAAAAJ:5awf1xo2G04C"
"2025","When ICAN (S) Becomes ICAN’T: Clinician and Staff Perspectives on In-Hospital Neurotoxicity Grading","GM Ferri, A Frank, D Li, P Anand, M Abdallah, V Avalone, JM Sloan, ...","Clinical Lymphoma Myeloma and Leukemia, 2025","2","https://scholar.google.com/citations?view_op=view_citation&hl=en&user=NfS-5IQAAAAJ&cstart=20&pagesize=80&authuser=1&citation_for_view=NfS-5IQAAAAJ:eq2jaN3J8jMC"
"2024","Epidemiological characteristics and clinical outcomes of patients with monoclonal gammopathy of renal significance (MGRS) diagnosed in a large safety-net hospital in the US","E Granina, J Henderson, KA Bertrand, V Sanchorawala, RE Szalat","Blood 144, 4680, 2024","2","https://scholar.google.com/citations?view_op=view_citation&hl=en&user=NfS-5IQAAAAJ&cstart=20&pagesize=80&authuser=1&citation_for_view=NfS-5IQAAAAJ:Mojj43d5GZwC"
"2023","Prospective Evaluation of Measurable Residual Disease (MRD) and Sustainability of the Response in Patients with Systemic AL Amyloidosis Treated with Daratumumab","A Staron, EJ Burks, RE Szalat, V Sanchorawala","Blood 142, 3405, 2023","2","https://scholar.google.com/citations?view_op=view_citation&hl=en&user=NfS-5IQAAAAJ&cstart=20&pagesize=80&authuser=1&citation_for_view=NfS-5IQAAAAJ:fQNAKQ3IYiAC"
"2021","Chromatin remodeling and associated changes in gene expression induced by bone marrow stromal cells identify features of high-risk multiple myeloma","M Binder, RE Szalat, M Fulciniti, G Parmigiani, MK Samur, NC Munshi","Blood 138, 2672, 2021","2","https://scholar.google.com/citations?view_op=view_citation&hl=en&user=NfS-5IQAAAAJ&cstart=20&pagesize=80&authuser=1&citation_for_view=NfS-5IQAAAAJ:K3LRdlH-MEoC"
"2020","High throughput genomic analysis identifies low-risk smoldering multiple myeloma","A Aktas-Samur, M Fulciniti, S Derebail, R Szalat, G Parmigiani, J Corre, ...","Blood 136, 2, 2020","2","https://scholar.google.com/citations?view_op=view_citation&hl=en&user=NfS-5IQAAAAJ&cstart=20&pagesize=80&authuser=1&citation_for_view=NfS-5IQAAAAJ:EUQCXRtRnyEC"
"2020","Prevalence and outcome of Covid-19 infection in cancer patients: a national VA study","NR Fillmore, J La, RE Szalat, DP Tuck, V Nguyen, C Yildirim, NV Do, ...","medRxiv, 2020.08. 21.20177923, 2020","2","https://scholar.google.com/citations?view_op=view_citation&hl=en&user=NfS-5IQAAAAJ&cstart=20&pagesize=80&authuser=1&citation_for_view=NfS-5IQAAAAJ:_FxGoFyzp5QC"
"2019","Clinical characteristics, treatment regimens and survival in elderly patients with AL amyloidosis in a tertiary referral center","J Acevedo, G Doros, R Szalat, JM Sloan, S Sarosiek, V Sanchorawala","Blood 134, 5447, 2019","2","https://scholar.google.com/citations?view_op=view_citation&hl=en&user=NfS-5IQAAAAJ&cstart=20&pagesize=80&authuser=1&citation_for_view=NfS-5IQAAAAJ:ufrVoPGSRksC"
"2018","Inhibitor of DNA binding 2 (ID2) plays a key tumor suppressor role in promoting oncogenic transformation in multiple myeloma","T Perini, R Szalat, MK Samur, M Fulciniti, MA Lopez, M Lawlor, CJ Ott, ...","Blood 132, 60, 2018","2","https://scholar.google.com/citations?view_op=view_citation&hl=en&user=NfS-5IQAAAAJ&cstart=20&pagesize=80&authuser=1&citation_for_view=NfS-5IQAAAAJ:TQgYirikUcIC"
"2018","Chromatin accessibility profiling reveals cis-regulatory heterogeneity and novel transcription factor dependencies in multiple myeloma","CJ Ott, R Szalat, M Lawlor, MK Samur, Y Xu, CB Epstein, CY Lin, ...","Blood 132, 1313, 2018","2","https://scholar.google.com/citations?view_op=view_citation&hl=en&user=NfS-5IQAAAAJ&cstart=20&pagesize=80&authuser=1&citation_for_view=NfS-5IQAAAAJ:ZeXyd9-uunAC"
"2017","Bone marrow microenvironment induces genomic instability and enables clonal evolution in multiple myeloma","T Perini, R Szalat, M Fulciniti, MK Samur, MA Lopez, P Nanjappa, K Wen, ...","Blood 130, 4408, 2017","2","https://scholar.google.com/citations?view_op=view_citation&hl=en&user=NfS-5IQAAAAJ&cstart=20&pagesize=80&authuser=1&citation_for_view=NfS-5IQAAAAJ:HoB7MX3m0LUC"
"2017","Ywhae Located on Chromosome 17p13 Promotes Myeloma Cells Proliferation Via Induction of Anti-Apoptosis and Survival Signaling Pathways","Y Xu, M Fulciniti, MK Samur, R Szalat, M Ho, MA Lopez, N Li, J Lin, ...","Blood, The Journal of the American Society of Hematology 130 (Suppl_1), 1755 …, 2017","2","https://scholar.google.com/citations?view_op=view_citation&hl=en&user=NfS-5IQAAAAJ&cstart=20&pagesize=80&authuser=1&citation_for_view=NfS-5IQAAAAJ:JV2RwH3_ST0C"
"2017","Non-cirrhotic portal hypertension in necrobiotic xanthogranuloma associated with monoclonal gammopathy.","M Vignon, L Placais, M Malphettes, JD Bouaziz, B Asli, P Bedossa, J Rivet, ...","Journal of the European Academy of Dermatology & Venereology 31 (9), e403, 2017","2","https://scholar.google.com/citations?view_op=view_citation&hl=en&user=NfS-5IQAAAAJ&cstart=20&pagesize=80&authuser=1&citation_for_view=NfS-5IQAAAAJ:lSLTfruPkqcC"
"2017","Catastrophic cryofibrinogenaemia associated with chronic lymphocytic leukaemia and salvage therapy using plasmapheresis and cyclophosphamide.","M AlGain, R Damade, F Aucouturier, J Rivet, M Jachiet, M Malphettes, ...","Journal of the European Academy of Dermatology & Venereology 31 (1), e38, 2017","2","https://scholar.google.com/citations?view_op=view_citation&hl=en&user=NfS-5IQAAAAJ&cstart=20&pagesize=80&authuser=1&citation_for_view=NfS-5IQAAAAJ:3s1wT3WcHBgC"
"2017","A rare case of disseminated skin and mucosal necrobiotic xanthogranuloma and xanthoma.","M AlGain, R Szalat, MD Vignon‐Pennamen, M Malphettes, M Vignon, ...","Journal of the European Academy of Dermatology & Venereology 31 (1), 2017","2","https://scholar.google.com/citations?view_op=view_citation&hl=en&user=NfS-5IQAAAAJ&cstart=20&pagesize=80&authuser=1&citation_for_view=NfS-5IQAAAAJ:hFOr9nPyWt4C"
"2016","Whole genome sequencing of unique paired smm/mgus progressing to mm samples reveals a genomic landscape with diverse evolutionary pattern","N Bolli, F Maura, S Minvielle, D Gloznik, R Szalat, A Fullam, MK Samur, ...","Blood, The Journal of the American Society of Hematology 128 (22), 2088-2088, 2016","2","https://scholar.google.com/citations?view_op=view_citation&hl=en&user=NfS-5IQAAAAJ&cstart=20&pagesize=80&authuser=1&citation_for_view=NfS-5IQAAAAJ:eQOLeE2rZwMC"
"2015","The fusion gene landscape in Multiple Myeloma, with clinical impact","A Cleynen, R Szalat, MK Samur, G Parmigiani, NC Munshi, ...","Blood 126 (23), 835, 2015","2","https://scholar.google.com/citations?view_op=view_citation&hl=en&user=NfS-5IQAAAAJ&cstart=20&pagesize=80&authuser=1&citation_for_view=NfS-5IQAAAAJ:UebtZRa9Y70C"
"2014","Frequent Igh fusion transcripts with clinical impact in multiple myeloma","A Cleynen, R Szalat, MK Samur, N Rashid, G Parmigiani, NC Munshi, ...","Blood 124 (21), 721, 2014","2","https://scholar.google.com/citations?view_op=view_citation&hl=en&user=NfS-5IQAAAAJ&cstart=20&pagesize=80&authuser=1&citation_for_view=NfS-5IQAAAAJ:zA6iFVUQeVQC"
"2013","Impact Of Consolidation With Bortezomib-Thalidomide-Dexamethasone (VTd) Upfront In Multiple Myeloma (MM) With Partial Response (PR) At Completion Of Induction With Vtd","X Leleu, G Fouquet, B Hebraud, S Garciaz, AM Stoppa, M Roussel, ...","Blood, The Journal of the American Society of Hematology 122 (21), 3221-3221, 2013","2","https://scholar.google.com/citations?view_op=view_citation&hl=en&user=NfS-5IQAAAAJ&cstart=20&pagesize=80&authuser=1&citation_for_view=NfS-5IQAAAAJ:NhqRSupF_l8C"
"2013","Manifestations cutanées révélant une cryofibrinogénémie associée à une gammapathie monoclonale","J Delyon, M Bezier, F Cordoliani, M Malphettes, R Szalat, M Bagot, ...","Annales de Dermatologie et de Vénéréologie 140 (1), 30-35, 2013","2","https://scholar.google.com/citations?view_op=view_citation&hl=en&user=NfS-5IQAAAAJ&cstart=20&pagesize=80&authuser=1&citation_for_view=NfS-5IQAAAAJ:blknAaTinKkC"
"2026","Performance Evaluation of a Novel Non-Invasive Monitoring Device for At-Home Neutropenia Detection in a Multicenter Cancer Cohort","MD Srinivasan, JM Sloan, M Wolf, GM Ferri, O Çetin, RE Szalat, ...","Breast Cancer Research and Treatment 215 (1), 2026","1","https://scholar.google.com/citations?view_op=view_citation&hl=en&user=NfS-5IQAAAAJ&cstart=20&pagesize=80&authuser=1&citation_for_view=NfS-5IQAAAAJ:UHK10RUVsp4C"
"2026","Exploring the effect of Duffy status on patients with breast cancer receiving cyclin-dependent kinase 4/6 inhibitors","GM Ferri, CB Martinez, J Acevedo, S Bhatt, KP Verma, J Lee, M Abdallah, ...","Breast Cancer Research and Treatment 215 (1), 36, 2026","1","https://scholar.google.com/citations?view_op=view_citation&hl=en&user=NfS-5IQAAAAJ&cstart=20&pagesize=80&authuser=1&citation_for_view=NfS-5IQAAAAJ:PR6Y55bgFSsC"
"2025","Neighborhood disadvantage and multiple myeloma incidence in the Black Women’s Health Study","EX Holder, R Szalat, JR Palmer, KA Bertrand","International Journal of Epidemiology 54 (6), dyaf188, 2025","1","https://scholar.google.com/citations?view_op=view_citation&hl=en&user=NfS-5IQAAAAJ&cstart=20&pagesize=80&authuser=1&citation_for_view=NfS-5IQAAAAJ:LjlpjdlvIbIC"
"2025","Cyclin D1 immunostaining as a diagnostic surrogate for the t (11; 14) translocation in AL amyloidosis","T George, A Staron, E Burks, R Szalat, V Sanchorawala","Blood 146, 5739, 2025","1","https://scholar.google.com/citations?view_op=view_citation&hl=en&user=NfS-5IQAAAAJ&cstart=20&pagesize=80&authuser=1&citation_for_view=NfS-5IQAAAAJ:VL0QpB8kHFEC"
"2024","Evaluation of socioeconomic barriers impacting patients with newly diagnosed multiple myeloma","MD Srinivasan, J Culnan, M Hora, A Lazzaro, B Bell, G Bodanapu, ...","Blood 144 (Supplement 1), 5169-5169, 2024","1","https://scholar.google.com/citations?view_op=view_citation&hl=en&user=NfS-5IQAAAAJ&cstart=20&pagesize=80&authuser=1&citation_for_view=NfS-5IQAAAAJ:t6usbXjVLHcC"
"2024","Clinical Characteristics and Treatment Outcomes of Patients with AL Amyloidosis with Acquired Factor X Deficiency","O Cetin, P Teodorescu, A Staron, V Sanchorawala, RE Szalat","Blood 144, 4671, 2024","1","https://scholar.google.com/citations?view_op=view_citation&hl=en&user=NfS-5IQAAAAJ&cstart=20&pagesize=80&authuser=1&citation_for_view=NfS-5IQAAAAJ:olpn-zPbct0C"
"2024","Risk Factors for Suboptimal Treatment in Patients with Newly Diagnosed Multiple Myeloma across US Healthcare Systems","G Bodanapu, J Corrigan, J Culnan, M Srinivasan, M Hora, A Lazzaro, ...","Blood 144, 3341, 2024","1","https://scholar.google.com/citations?view_op=view_citation&hl=en&user=NfS-5IQAAAAJ&cstart=20&pagesize=80&authuser=1&citation_for_view=NfS-5IQAAAAJ:bnK-pcrLprsC"
"2023","Composition and Dynamic Evolution of the Bone Marrow Microenvironment in AL Amyloidosis during Daratumumab Based Therapy","RE Szalat, S Talluri, CM Royer, S Wong, G Morgan, V Sanchorawala, ...","Blood 142, 3416, 2023","1","https://scholar.google.com/citations?view_op=view_citation&hl=en&user=NfS-5IQAAAAJ&cstart=20&pagesize=80&authuser=1&citation_for_view=NfS-5IQAAAAJ:D_sINldO8mEC"
"2023","Hepatic response and progression criteria in light chain amyloidosis: a multicenter validation study","E Muchtar, G Palladini, S Schonland, A Dispenzieri, B Wisniowski, ...","Blood 142, 3411, 2023","1","https://scholar.google.com/citations?view_op=view_citation&hl=en&user=NfS-5IQAAAAJ&cstart=20&pagesize=80&authuser=1&citation_for_view=NfS-5IQAAAAJ:VOx2b1Wkg3QC"
"2021","Defining genomic probability of progression to identify low-risk smoldering multiple myeloma","A Aktas-Samur, M Fulciniti, S Derebail, R Szalat, G Parmigiani, J Corre, ...","Blood, The Journal of the American Society of Hematology 138 (Supplement 1 …, 2021","1","https://scholar.google.com/citations?view_op=view_citation&hl=en&user=NfS-5IQAAAAJ&cstart=20&pagesize=80&authuser=1&citation_for_view=NfS-5IQAAAAJ:WbkHhVStYXYC"
"2021","OAB-038: Graded cardiac response criteria for AL amyloidosis: the impact of depth of cardiac response on survival","E Muchtar, A Dispenzieri, B Wisniowski, G Palladini, P Milani, G Merlini, ...","Clinical Lymphoma Myeloma and Leukemia 21, S24-S25, 2021","1","https://scholar.google.com/citations?view_op=view_citation&hl=en&user=NfS-5IQAAAAJ&cstart=20&pagesize=80&authuser=1&citation_for_view=NfS-5IQAAAAJ:SdhP9T11ey4C"
"2020","Hepatic response criteria in light chain amyloidosis: a multicenter validation study","E Muchtar, G Palladini, S Schonland, S Geyer, KE Dooley, A Dispenzieri, ...","Haematologica, 2020","1","https://scholar.google.com/citations?view_op=view_citation&hl=en&user=NfS-5IQAAAAJ&cstart=100&pagesize=100&authuser=1&citation_for_view=NfS-5IQAAAAJ:hkOj_22Ku90C"
"2019","Lack of Significant Differences in Somatic Alterations between MGUS, SMM and Symptomatic Multiple Myeloma: A Result from Comprehensive Genomic Profiling Study","AA Samur, M Fulciniti, R Szalat, J Corre, N Bolli, P Moreau, M Attal, ...","Blood 134, 3089, 2019","1","https://scholar.google.com/citations?view_op=view_citation&hl=en&user=NfS-5IQAAAAJ&cstart=100&pagesize=100&authuser=1&citation_for_view=NfS-5IQAAAAJ:YsMSGLbcyi4C"
"2019","Genome wide chromatin accessibility profiling identifies chromatin signatures and novel transcription factor dependencies in multiple myeloma","R Szalat, M Lawlor, M Fulciniti, CB Epstein, Y Xu, A Samur, C Lin, P Rao, ...","Clinical Lymphoma, Myeloma and Leukemia 19 (10), e8-e9, 2019","1","https://scholar.google.com/citations?view_op=view_citation&hl=en&user=NfS-5IQAAAAJ&cstart=100&pagesize=100&authuser=1&citation_for_view=NfS-5IQAAAAJ:kNdYIx-mwKoC"
"2019","Inhibitor of DNA binding 2 (ID2) regulates key transcriptional programs in multiple myeloma","T Perini, R Szalat, M Samur, M Fulciniti, C Ott, M Lawlor, E Morelli, ...","Clinical Lymphoma, Myeloma and Leukemia 19 (10), e98-e99, 2019","1","https://scholar.google.com/citations?view_op=view_citation&hl=en&user=NfS-5IQAAAAJ&cstart=100&pagesize=100&authuser=1&citation_for_view=NfS-5IQAAAAJ:d1gkVwhDpl0C"
"2019","S119 THE ROLE OF RECURRENT SOMATIC ALTERATIONS IN THE NON‐CODING GENOME WITH FUNCTIONAL IMPLICATIONS IN MM","M Samur, R Szalat, A Aktas Samur, M Fulciniti, M Lopez, M Shammas, ...","HemaSphere 3, 11-12, 2019","1","https://scholar.google.com/citations?view_op=view_citation&hl=en&user=NfS-5IQAAAAJ&cstart=100&pagesize=100&authuser=1&citation_for_view=NfS-5IQAAAAJ:bEWYMUwI8FkC"
"2018","Dysregulated Translational Control Is a Central Feature of MM Mediated By 14-3-3ε Interactome Promoting Multiple Myeloma Cell Growth and Viability","Y Xu, M Fulciniti, M Ho, MK Samur, MA Lopez, N Li, G Bianchi, R Szalat, ...","Blood, The Journal of the American Society of Hematology 132 (Supplement 1 …, 2018","1","https://scholar.google.com/citations?view_op=view_citation&hl=en&user=NfS-5IQAAAAJ&cstart=100&pagesize=100&authuser=1&citation_for_view=NfS-5IQAAAAJ:7PzlFSSx8tAC"
"2017","Long intergenic non-coding RNAs: a new independent risk predictors in multiple myeloma","MK Samur, A Gulla, M Fulciniti, AA Samur, R Szalat, M Shamas, ...","Cancer Research 77 (13_Supplement), 5719-5719, 2017","1","https://scholar.google.com/citations?view_op=view_citation&hl=en&user=NfS-5IQAAAAJ&cstart=100&pagesize=100&authuser=1&citation_for_view=NfS-5IQAAAAJ:j3f4tGmQtD8C"
"2016","A targeted sequencing approach in multiple myeloma reveals a complex landscape of genomic lesions that has implications for prognosis","N Bolli, G Biancon, S Gimondi, Y Li, V Sathiaseelan, F Maura, C Carniti, ...","HAEMATOLOGICA 101 (Suppl. 1), 160-160, 2016","1","https://scholar.google.com/citations?view_op=view_citation&hl=en&user=NfS-5IQAAAAJ&cstart=100&pagesize=100&authuser=1&citation_for_view=NfS-5IQAAAAJ:GnPB-g6toBAC"
"2015","Dysregulated Nucleotide Excision Repair (NER) Is a New Target in Multiple Myeloma","R Szalat, MK Samur, A Cleynen, A Calkins, M Dreze, YT Tai, S Minvielle, ...","Blood 126 (23), 4187, 2015","1","https://scholar.google.com/citations?view_op=view_citation&hl=en&user=NfS-5IQAAAAJ&cstart=100&pagesize=100&authuser=1&citation_for_view=NfS-5IQAAAAJ:ULOm3_A8WrAC"
"2014","Nucleotide Excision Repair (NER) is frequently impaired and affects outcome in multiple myeloma (MM)","R Szalat, M Dreze, MK Samur, AS Calkins, G Parmigiani, H Avet-Loiseau, ...","Blood 124 (21), 2055, 2014","1","https://scholar.google.com/citations?view_op=view_citation&hl=en&user=NfS-5IQAAAAJ&cstart=100&pagesize=100&authuser=1&citation_for_view=NfS-5IQAAAAJ:fPk4N6BV_jEC"
"2012","Consolidation with Vtd Significantly Improves the Complete Remission (CR) Rate Following Vtd Induction and Single Autologous Stem Cell Transplantation (auto) in Multiple …","X Leleu, B Hebraud, G Fouquet, M Roussel, D Caillot, ML Chretien, ...","Blood, The Journal of the American Society of Hematology 120 (21), 3096-3096, 2012","1","https://scholar.google.com/citations?view_op=view_citation&hl=en&user=NfS-5IQAAAAJ&cstart=100&pagesize=100&authuser=1&citation_for_view=NfS-5IQAAAAJ:pyW8ca7W8N0C"
"2012","Prognostic value of the different MMSET gene breakpoints and correlation with immunoglobulin isotype and FGFR3 expression in 173 patients with t (4; 14) multiple myeloma","B Arnulf, A Lazareth, J Soulier, S Harel, L Karlin, D Roosweil, K Belhadj, ...","Blood 120 (21), 3971, 2012","1","https://scholar.google.com/citations?view_op=view_citation&hl=en&user=NfS-5IQAAAAJ&cstart=100&pagesize=100&authuser=1&citation_for_view=NfS-5IQAAAAJ:HDshCWvjkbEC"
"2026","Tailoring Therapy for Frail and Elderly Myeloma Patients","T George, RE Szalat","The Cancer Journal 32 (5), 2026","0","https://scholar.google.com/citations?view_op=view_citation&hl=en&user=NfS-5IQAAAAJ&cstart=100&pagesize=100&authuser=1&citation_for_view=NfS-5IQAAAAJ:Fu2w8maKXqMC"
"2026","Cyclin D1 immunostaining as a diagnostic surrogate for the t (11; 14) translocation in AL amyloidosis","T George, A Staron, EJ Burks, RE Szalat, V Sanchorawala","British Journal of Haematology 208 (6), 2252-2255, 2026","0","https://scholar.google.com/citations?view_op=view_citation&hl=en&user=NfS-5IQAAAAJ&cstart=100&pagesize=100&authuser=1&citation_for_view=NfS-5IQAAAAJ:W5xh706n7nkC"
"2026","Real-world one-year comparative outcomes of quadruplet and triplet induction regimens in older, transplant-ineligible multiple myeloma patients.","O Cetin, G Teker, RE Szalat","Journal of Clinical Oncology 44 (16_suppl), 7567-7567, 2026","0","https://scholar.google.com/citations?view_op=view_citation&hl=en&user=NfS-5IQAAAAJ&cstart=100&pagesize=100&authuser=1&citation_for_view=NfS-5IQAAAAJ:_Ybze24A_UAC"
"2026","Non-random patterns of multiple primary malignancies in the era of cancer survival.","T George, K Nannini, JR Bihn, MK Samur, RE Szalat, C DuMontier, ...","Journal of Clinical Oncology 44 (16_suppl), 10584-10584, 2026","0","https://scholar.google.com/citations?view_op=view_citation&hl=en&user=NfS-5IQAAAAJ&cstart=100&pagesize=100&authuser=1&citation_for_view=NfS-5IQAAAAJ:uLbwQdceFCQC"
"2025","Effect of duffy status on patients with breast cancer receiving cyclin-dependent kinase 4/6 inhibitors","G Ferri, C Beiner Martinez, J Acevedo, S Bhatt, K Verma, M Abdallah, ...","Blood 146 (Supplement 1), 6170-6170, 2025","0","https://scholar.google.com/citations?view_op=view_citation&hl=en&user=NfS-5IQAAAAJ&cstart=100&pagesize=100&authuser=1&citation_for_view=NfS-5IQAAAAJ:ZuybSZzF8UAC"
"2025","Single-cell transcriptomics of AL amyloidosis reveals pathogenic mechanisms, immune interactions and altered clonal and polyclonal plasma cell phenotypes","J Smith, M Samur, S Talluri, D Maisano, M Cumerlato, C Royer, F Zohura, ...","Blood 146 (Supplement 1), 3923-3923, 2025","0","https://scholar.google.com/citations?view_op=view_citation&hl=en&user=NfS-5IQAAAAJ&cstart=100&pagesize=100&authuser=1&citation_for_view=NfS-5IQAAAAJ:N5tVd3kTz84C"
"2025","Implementing geriatric assessments using the practical geriatric assessment in older adults being evaluated for cellular therapies at a safety-net hospital","M Abdallah, A Fogale, M Halpin, R Szalat, K Fantasia","Journal of Geriatric Oncology 16 (8), 102667, 2025","0","https://scholar.google.com/citations?view_op=view_citation&hl=en&user=NfS-5IQAAAAJ&cstart=100&pagesize=100&authuser=1&citation_for_view=NfS-5IQAAAAJ:ye4kPcJQO24C"
"2024","Disparities in Monoclonal Immunoglobulin-Associated Disorders in a Large and Diverse Cohort from a US Tertiary Safety-Net Center","A Aijaz, RE Szalat","Blood 144, 6899, 2024","0","https://scholar.google.com/citations?view_op=view_citation&hl=en&user=NfS-5IQAAAAJ&cstart=100&pagesize=100&authuser=1&citation_for_view=NfS-5IQAAAAJ:HE397vMXCloC"
"2024","Epidemiology and clinical characteristics of patients with monoclonal gammopathy of renal significance (MGRS) in a diverse population","E Granina, J Henderson, K Bertrand, V Sanchorawala, R Szalat","AMYLOID-JOURNAL OF PROTEIN FOLDING DISORDERS 31, S135-S135, 2024","0","https://scholar.google.com/citations?view_op=view_citation&hl=en&user=NfS-5IQAAAAJ&cstart=100&pagesize=100&authuser=1&citation_for_view=NfS-5IQAAAAJ:Y5dfb0dijaUC"
"2024","Bone marrow plasma cells and immune microenvironment transcriptomic architecture in AL amyloidosis during daratumumab based therapy","R Szalat, S Talluri, S Wong, G Morgan, V Sanchorawala, N Munshi, ...","AMYLOID-JOURNAL OF PROTEIN FOLDING DISORDERS 31, S176-S176, 2024","0","https://scholar.google.com/citations?view_op=view_citation&hl=en&user=NfS-5IQAAAAJ&cstart=100&pagesize=100&authuser=1&citation_for_view=NfS-5IQAAAAJ:eMMeJKvmdy0C"
"2023","P-362 ID2 acts as a novel tumor suppressor in MM by inhibition of TCF3 transcriptional activity","T Perini, Y Yao, JF Ng, S Deng, A Schavgoulidze, M Binder, R Young, ...","Clinical Lymphoma Myeloma and Leukemia 23, S238-S239, 2023","0","https://scholar.google.com/citations?view_op=view_citation&hl=en&user=NfS-5IQAAAAJ&cstart=100&pagesize=100&authuser=1&citation_for_view=NfS-5IQAAAAJ:LPZeul_q3PIC"
"2022","OAB-021: High-risk multiple myeloma due to extramedullary disease-like gene expression induced by bone marrow stromal cells","M Binder, R Szalat, M Fulciniti, H Avet-Loiseau, G Parmigiani, M Samur, ...","Clinical Lymphoma Myeloma and Leukemia 22, S13, 2022","0","https://scholar.google.com/citations?view_op=view_citation&hl=en&user=NfS-5IQAAAAJ&cstart=100&pagesize=100&authuser=1&citation_for_view=NfS-5IQAAAAJ:vRqMK49ujn8C"
"2021","Predictive Factors of Overall Survival in Patients with Relapsed AL Amyloidosis Treated with Single Agent Daratumumab","R Szalat, J Gustine, JM Sloan, V Sanchorawala","Blood 138, 2734, 2021","0","https://scholar.google.com/citations?view_op=view_citation&hl=en&user=NfS-5IQAAAAJ&cstart=100&pagesize=100&authuser=1&citation_for_view=NfS-5IQAAAAJ:738O_yMBCRsC"
"2021","Transcriptional Deregulation Mediated By ID2-TCF3 Axis Supports MM Cell Growth and Proliferation in the Context of the Bone Marrow Milieu","Y Yao, T Perini, MK Samur, R Szalat, M Binder, KC Anderson, M Fulciniti, ...","Blood 138, 2686, 2021","0","https://scholar.google.com/citations?view_op=view_citation&hl=en&user=NfS-5IQAAAAJ&cstart=100&pagesize=100&authuser=1&citation_for_view=NfS-5IQAAAAJ:Tiz5es2fbqcC"
"2021","IgM-MM is a pre-germinal center MM","AH Bazarbachi, H Avet-Loiseau, R Szalat, AA Samur, Z Hunter, ...","blood 138 (20), 2007, 2021","0","https://scholar.google.com/citations?view_op=view_citation&hl=en&user=NfS-5IQAAAAJ&cstart=100&pagesize=100&authuser=1&citation_for_view=NfS-5IQAAAAJ:OU6Ihb5iCvQC"
"2021","OAB-043: Progression and probability of progression are driven by different genomic features in precursor conditions in myeloma","A Aktas-Samur, M Fulciniti, S Derebail, R Szalat, J Corre, G Parmigiani, ...","Clinical Lymphoma Myeloma and Leukemia 21, S28, 2021","0","https://scholar.google.com/citations?view_op=view_citation&hl=en&user=NfS-5IQAAAAJ&cstart=100&pagesize=100&authuser=1&citation_for_view=NfS-5IQAAAAJ:SP6oXDckpogC"
"2021","OAB-036: Graded renal response criteria and revised renal progression criteria for light chain (AL) amyloidosis","E Muchtar, B Wisniowski, G Palladini, P Milani, G Merlini, S Schönland, ...","Clinical Lymphoma Myeloma and Leukemia 21, S23-S24, 2021","0","https://scholar.google.com/citations?view_op=view_citation&hl=en&user=NfS-5IQAAAAJ&cstart=100&pagesize=100&authuser=1&citation_for_view=NfS-5IQAAAAJ:UxriW0iASnsC"
"2020","Genomic and Transcriptomic Characterization of IgM Multiple Myeloma Identifies a Pre-Germinal Center Plasma Cell Disorder with Immature B-Cell Transcription-Factor Signature","AH Bazarbachi, H Avet-Loiseau, ZR Hunter, R Szalat, A Aktas-Samur, ...","Blood 136, 7-8, 2020","0","https://scholar.google.com/citations?view_op=view_citation&hl=en&user=NfS-5IQAAAAJ&cstart=100&pagesize=100&authuser=1&citation_for_view=NfS-5IQAAAAJ:a0OBvERweLwC"
"2019","The Landscape of Genome Wide Somatic Alterations Identifies a Good-Risk Group in Newly Diagnosed Multiple Myeloma","MK Samur, AA Samur, T Han, M Roncador, M Fulciniti, R Szalat, ...","Blood 134, 3055, 2019","0","https://scholar.google.com/citations?view_op=view_citation&hl=en&user=NfS-5IQAAAAJ&cstart=100&pagesize=100&authuser=1&citation_for_view=NfS-5IQAAAAJ:ns9cj8rnVeAC"
"2019","E2 ubiquitin conjugase UBE2T contributes to genome maintenance through homologous recombination in multiple myeloma","D Alagpulinsa, S Kumar, S Talluri, P Nanjappa, L Buon, C Chakraborty, ...","Clinical Lymphoma, Myeloma and Leukemia 19 (10), e139, 2019","0","https://scholar.google.com/citations?view_op=view_citation&hl=en&user=NfS-5IQAAAAJ&cstart=100&pagesize=100&authuser=1&citation_for_view=NfS-5IQAAAAJ:isC4tDSrTZIC"
"2019","Recurrent somatic Alterations in the Non-Coding Genome Alter Gene Expression Levels and Correlate With Clinical Outcome","M Samur, A Samur, R Szalat, M Fulciniti, M Shammas, PG Richardson, ...","Clinical Lymphoma, Myeloma and Leukemia 19 (10), e12-e13, 2019","0","https://scholar.google.com/citations?view_op=view_citation&hl=en&user=NfS-5IQAAAAJ&cstart=100&pagesize=100&authuser=1&citation_for_view=NfS-5IQAAAAJ:qxL8FJ1GzNcC"
"2019","PF588 SIGNIFICANT POM EFFECT ON THE IMMUNE‐CELL PROFILES IN B, T AND NK SUBSETS IN A LARGE COHORT CLINICAL TRIAL IN RELAPSED/REFRACTORY MYELOMA","R Prabhala, M Samur, S Talluri, M Stekla, S Acharya, C Yenumula, ...","HemaSphere 3, 246, 2019","0","https://scholar.google.com/citations?view_op=view_citation&hl=en&user=NfS-5IQAAAAJ&cstart=100&pagesize=100&authuser=1&citation_for_view=NfS-5IQAAAAJ:NaGl4SEjCO4C"
"2019","S120 CHRONOLOGY OF COPY NUMBER ALTERATIONS FROM PRECURSORS TO MULTIPLE MYELOMA: WHAT COMES FIRST?","A Aktas Samur, S Minvielle, M Fulciniti, R Szalat, M Shammas, ...","HemaSphere 3, 12, 2019","0","https://scholar.google.com/citations?view_op=view_citation&hl=en&user=NfS-5IQAAAAJ&cstart=100&pagesize=100&authuser=1&citation_for_view=NfS-5IQAAAAJ:YFjsv_pBGBYC"
"2019","Role of DNA damage repair processes in multiple myeloma genomic instability","R Szalat","< bound method Organization. get_name_with_acronym of< Organization: TEL …, 2019","0","https://scholar.google.com/citations?view_op=view_citation&hl=en&user=NfS-5IQAAAAJ&cstart=100&pagesize=100&authuser=1&citation_for_view=NfS-5IQAAAAJ:J-pR_7NvFogC"
"2019","Rôle des voies de réparation des dommages de l'ADN dans l'instabilité génomique observée au cours du myélome multiple","R Szalat","Université Sorbonne Paris Cité, 2019","0","https://scholar.google.com/citations?view_op=view_citation&hl=en&user=NfS-5IQAAAAJ&cstart=100&pagesize=100&authuser=1&citation_for_view=NfS-5IQAAAAJ:1sJd4Hv_s6UC"
"2018","The Landscape of Structural Variant Signatures in Multiple Myeloma Identifies Distinct Disease Subgroups with Implications for Pathogenesis","F Maura, D Leongamornlert, N Angelopoulos, KJ Dawson, MK Samur, ...","Blood, The Journal of the American Society of Hematology 132 (Supplement 1 …, 2018","0","https://scholar.google.com/citations?view_op=view_citation&hl=en&user=NfS-5IQAAAAJ&cstart=100&pagesize=100&authuser=1&citation_for_view=NfS-5IQAAAAJ:roLk4NBRz8UC"
"2018","The genomic landscape of structural variations and complex events in multiple myeloma","F Maura, KJ Dawson, N Angelopoulos, S Minvielle, I Martincorena, ...","Haematologica 103 (S3), S14-S14, 2018","0","https://scholar.google.com/citations?view_op=view_citation&hl=en&user=NfS-5IQAAAAJ&cstart=100&pagesize=100&authuser=1&citation_for_view=NfS-5IQAAAAJ:4OULZ7Gr8RgC"
"2018","The chronological order of copy number changes in hyperdiploid multiple myeloma patients","F Maura, N Bolli, K Dawson, N Angelopoulos, R Szalat, I Martincorena, ...","HEMASPHERE 2 (S1), 727-727, 2018","0","https://scholar.google.com/citations?view_op=view_citation&hl=en&user=NfS-5IQAAAAJ&cstart=100&pagesize=100&authuser=1&citation_for_view=NfS-5IQAAAAJ:70eg2SAEIzsC"
"2018","DNA repair processes target transcribed region in multiple myeloma","M Samur, R Szalat, M Lawlor, F Maura, C Ott, N Bolli, K Anderson, ...","HEMASPHERE 2 (S1), 211-211, 2018","0","https://scholar.google.com/citations?view_op=view_citation&hl=en&user=NfS-5IQAAAAJ&cstart=100&pagesize=100&authuser=1&citation_for_view=NfS-5IQAAAAJ:hMod-77fHWUC"
"2018","Analysis of mutations and structural variants to redefine the genomic landscape of multiple myeloma and its clinical implications","N Bolli, F Maura, KJ Dawson, N Angelopoulos, S Minvielle, I Martincorena, ...","Haematologica 103 (S3), S51-S51, 2018","0","https://scholar.google.com/citations?view_op=view_citation&hl=en&user=NfS-5IQAAAAJ&cstart=100&pagesize=100&authuser=1&citation_for_view=NfS-5IQAAAAJ:M3NEmzRMIkIC"
"2017","Perturbation in B Cell-Subsets Can Explain the Observed Suppression of Uninvolved Immunoglobulins and Their Impact on T Tell-Subsets As Well As Patients Outcome in Myeloma","R Prabhala, S Acharya, M Stekla, S Talluri, R Szalat, P Nanjappa, ...","Blood 130, 3049, 2017","0","https://scholar.google.com/citations?view_op=view_citation&hl=en&user=NfS-5IQAAAAJ&cstart=100&pagesize=100&authuser=1&citation_for_view=NfS-5IQAAAAJ:hC7cP41nSMkC"
"2017","Integrative Oncogenomic Analysis Combining Whole Genome, Transcriptome and Epigenome Identifies Altered Chromatin Accessibility Landscape in Multiple Myeloma","R Szalat, MK Samur, CJ Ott, M Lawlor, C Epstein, BJ Abraham, CY Lin, ...","Blood 130, 328, 2017","0","https://scholar.google.com/citations?view_op=view_citation&hl=en&user=NfS-5IQAAAAJ&cstart=100&pagesize=100&authuser=1&citation_for_view=NfS-5IQAAAAJ:mVmsd5A6BfQC"
"2017","The genomic landscape of multiple myeloma complex structural variations","F Maura, N Bolli, KJ Dawson, N Angelopoulos, S Minvielle, I Martincorena, ...","Blood, The Journal of the American Society of Hematology 130 (Suppl_1), 330-330, 2017","0","https://scholar.google.com/citations?view_op=view_citation&hl=en&user=NfS-5IQAAAAJ&cstart=100&pagesize=100&authuser=1&citation_for_view=NfS-5IQAAAAJ:4TOpqqG69KYC"
"2017","Biological and prognostic impact of apobec-induced mutations in the spectrum of plasma cell dyscrasias","F Maura, M Petljak, M Lionetti, I Cifola, W Liang, E Pinatel, L Alexadrov, ...","Blood, The Journal of the American Society of Hematology 130 (Suppl_1), 1771 …, 2017","0","https://scholar.google.com/citations?view_op=view_citation&hl=en&user=NfS-5IQAAAAJ&cstart=100&pagesize=100&authuser=1&citation_for_view=NfS-5IQAAAAJ:W7OEmFMy1HYC"
"2017","PAK4 Inhibition Impacts Growth and Survival, and Increases Sensitivity to DNA-Damaging Agents in Waldestrostom Macroglobulinemia","N Li, M Fulciniti, MA Lopez, T Perini, R Szalat, S Kumar, MK Samur, L Xu, ...","Blood, The Journal of the American Society of Hematology 130 (Suppl_1), 648-648, 2017","0","https://scholar.google.com/citations?view_op=view_citation&hl=en&user=NfS-5IQAAAAJ&cstart=100&pagesize=100&authuser=1&citation_for_view=NfS-5IQAAAAJ:u5HHmVD_uO8C"
"2017","A NOVEL PREDICTIVE MODEL COMBINING LINCRNAS AND PROTEIN CODING GENES IN MULTIPLE MYELOMA","M Samur, A Gulla, M Fulciniti, R Szalat, AA Samur, M Shamas, ...","HAEMATOLOGICA 102, 495-496, 2017","0","https://scholar.google.com/citations?view_op=view_citation&hl=en&user=NfS-5IQAAAAJ&cstart=100&pagesize=100&authuser=1&citation_for_view=NfS-5IQAAAAJ:Wp0gIr-vW9MC"
"2017","The apobec mutational activity in multiple myeloma: from diagnosis to cell lines","F Maura, M Petljak, S Minvielle, R Szalat, M Lionetti, I Cifola, W Liang, ...","haematologica 102 (suppl. 3), 124-124, 2017","0","https://scholar.google.com/citations?view_op=view_citation&hl=en&user=NfS-5IQAAAAJ&cstart=100&pagesize=100&authuser=1&citation_for_view=NfS-5IQAAAAJ:O3NaXMp0MMsC"
"2016","p21-Associated Kinase 4 (PAK4) Addiction in Multiple Myeloma: A Potential Therapeutic Application with Enhanced Activity in FGFR3 Expressing Myeloma","M Fulciniti, JM Lopez, W Senapedis, S Oliva, R Szalat, MK Samur, ...","Blood 128 (22), 3302, 2016","0","https://scholar.google.com/citations?view_op=view_citation&hl=en&user=NfS-5IQAAAAJ&cstart=100&pagesize=100&authuser=1&citation_for_view=NfS-5IQAAAAJ:2P1L_qKh6hAC"
"2016","The Complex Landscape of Rearrangements in Smoldering and Symptomatic Multiple Myeloma Revealed By Whole-Genome Sequencing","R Szalat, N Bolli, F Maura, S Minvielle, D Gloznik, F Magrangeas, ...","Blood, The Journal of the American Society of Hematology 128 (22), 236-236, 2016","0","https://scholar.google.com/citations?view_op=view_citation&hl=en&user=NfS-5IQAAAAJ&cstart=100&pagesize=100&authuser=1&citation_for_view=NfS-5IQAAAAJ:R3hNpaxXUhUC"
"2016","Global Genomic Analysis of Newly Diagnosed t (4; 14) Multiple Myeloma Reveals a Specific Mutational Spectrum and Identifies PKD2 As a Potential Therapeutic Target","XL Song, R Szalat, A Talbot, HV Nguyen, MK Samur, D Mosen-Ansorena, ...","Blood 128 (22), 4462, 2016","0","https://scholar.google.com/citations?view_op=view_citation&hl=en&user=NfS-5IQAAAAJ&cstart=100&pagesize=100&authuser=1&citation_for_view=NfS-5IQAAAAJ:Se3iqnhoufwC"
"2016","IMPORTANCE OF SERINE/THREONINE KINASE PAK4 IN MULTIPLE MYELOMA: THERAPEUTIC APPLICATIONS OF A NEW CLASS OF INHIBITORS","ML Joaquin, F Mariateresa, L Maria, O Stefania, LB Rajya, G Annamaria, ...","HAEMATOLOGICA 101, 21-21, 2016","0","https://scholar.google.com/citations?view_op=view_citation&hl=en&user=NfS-5IQAAAAJ&cstart=100&pagesize=100&authuser=1&citation_for_view=NfS-5IQAAAAJ:qjMakFHDy7sC"
"2016","Corrigendum to “Genomic heterogeneity in multiple myeloma”[Curr. Opin. Genet. Dev. 30 (2015) 56–65]","R Szalat, NC Munshi","Current Opinion in Genetics & Development 37, 158, 2016","0","https://scholar.google.com/citations?view_op=view_citation&hl=en&user=NfS-5IQAAAAJ&cstart=100&pagesize=100&authuser=1&citation_for_view=NfS-5IQAAAAJ:0EnyYjriUFMC"
"2015","Étude nationale observationnelle des cutis laxa associées à une gammapathie monoclonale","A Saussine, JD Bouaziz, B Asli, M Battistella, D Bengoufa, B Arnulf, ...","Annales de Dermatologie et de Vénéréologie 142 (12), S482-S483, 2015","0","https://scholar.google.com/citations?view_op=view_citation&hl=en&user=NfS-5IQAAAAJ&cstart=100&pagesize=100&authuser=1&citation_for_view=NfS-5IQAAAAJ:WF5omc3nYNoC"
"2015","Measurement of nucleotide excision repair activity and correlation with cisplatin sensitivity.","A Calkins, R Szalat, M Dreze, M Schnorenberg, R Ceccaldi, JD Iglehart, ...","Journal of Clinical Oncology 33 (15_suppl), 1077-1077, 2015","0","https://scholar.google.com/citations?view_op=view_citation&hl=en&user=NfS-5IQAAAAJ&cstart=100&pagesize=100&authuser=1&citation_for_view=NfS-5IQAAAAJ:dhFuZR0502QC"
"2014","Efficacité du bortézomib dans la maladie de dépôts d’immunoglobuline monoclonale de type Randall","C Cohen, A Caulier, B Royer, K El Karoui, R Szalat, B Knebelmann, ...","Néphrologie & Thérapeutique 10 (5), 273, 2014","0","https://scholar.google.com/citations?view_op=view_citation&hl=en&user=NfS-5IQAAAAJ&cstart=100&pagesize=100&authuser=1&citation_for_view=NfS-5IQAAAAJ:mB3voiENLucC"
"2014","IMPACT OF CONSOLIDATION WITH BORTEZOMIB-THALIDOMIDE-DEXAMETHASONE (VTD) UPFRONT IN MULTIPLE MYELOMA (MM) WITH PARTIAL RESPONSE (PR) AT COMPLETION OF INDUCTION WITH VTD","G Fouquet, B Hebraud, S Garciaz, AM Stoppa, M Roussel, D Caillot, ...","HAEMATOLOGICA 99, 367-367, 2014","0","https://scholar.google.com/citations?view_op=view_citation&hl=en&user=NfS-5IQAAAAJ&cstart=100&pagesize=100&authuser=1&citation_for_view=NfS-5IQAAAAJ:u-x6o8ySG0sC"
"2013","Échec des anti-IL1 (anakinra) dans un syndrome de Schnitzler variant IgG","E Hau, B Asli, J Rivet, A Saussine, R Szalat, B Arnulf, M Bagot, ...","Annales de Dermatologie et de Vénéréologie 140 (12), S599-S600, 2013","0","https://scholar.google.com/citations?view_op=view_citation&hl=en&user=NfS-5IQAAAAJ&cstart=100&pagesize=100&authuser=1&citation_for_view=NfS-5IQAAAAJ:3fE2CSJIrl8C"
"2013","Dermatoses neutrophiliques et gammapathies monoclonales: 26 cas et revue de la littérature","G Monsel, R Szalat, M Battistella, MD Vignon-Pennamen, M Bagot, ...","Annales de Dermatologie et de Vénéréologie 140 (12), S605, 2013","0","https://scholar.google.com/citations?view_op=view_citation&hl=en&user=NfS-5IQAAAAJ&cstart=100&pagesize=100&authuser=1&citation_for_view=NfS-5IQAAAAJ:LkGwnXOMwfcC"
"2013","Impact Of Consolidation With Bortezomib-Thalidomide-Dexamethasone (VTd) Upfront In Multiple Myeloma (MM) With Partial Response (PR) At Completion Of Induction With Vtd","H Avet-Loiseau, B Hebraud, C Regny, AM Stoppa, A Caulier, M Attal, ...","Blood 122, 3221-3221, 2013","0","https://scholar.google.com/citations?view_op=view_citation&hl=en&user=NfS-5IQAAAAJ&cstart=100&pagesize=100&authuser=1&citation_for_view=NfS-5IQAAAAJ:5ugPr518TE4C"
"2013","Clinical and Biological Features Of Multiple Myeloma (MM) and Monoclonal Gammopathies In Patients With Human Immunodeficiency Virus (HIV) Infection","A Talbot, L Gérard, R Szalat, D Boutboul, S Harel, A Lazareth, ...","Blood 122 (21), 5348, 2013","0","https://scholar.google.com/citations?view_op=view_citation&hl=en&user=NfS-5IQAAAAJ&cstart=100&pagesize=100&authuser=1&citation_for_view=NfS-5IQAAAAJ:RHpTSmoSYBkC"
"2013","CONSOLIDATION WITH VTD SIGNIFICANTLY IMPROVES THE COMPLETE REMISSION RATE IN MULTIPLE MYELOMA","X Leleu, G Fouquet, B Hebraud, M Roussel, D Caillot, ML Chretien, ...","HAEMATOLOGICA 98, 100-100, 2013","0","https://scholar.google.com/citations?view_op=view_citation&hl=en&user=NfS-5IQAAAAJ&cstart=100&pagesize=100&authuser=1&citation_for_view=NfS-5IQAAAAJ:RYcK_YlVTxYC"
"2013","Consolidation with VTd Improves the CR Rate Following VTd Induction and Single Autotransplantation in Multiple Myeloma: P-137","L XAVIER, X LELEU, G FOUQUET, B HEBRAUD, M ROUSSEL, ...","Clinical Lymphoma, Myeloma & Leukemia 13, s108-s109, 2013","0","https://scholar.google.com/citations?view_op=view_citation&hl=en&user=NfS-5IQAAAAJ&cstart=100&pagesize=100&authuser=1&citation_for_view=NfS-5IQAAAAJ:dTyEYWd-f8wC"
"2013","IgM Hevylite Assay as a Biomarker of Clinical Outcome in Patients with Anti-MAG Neuropathy: P-457","B ARNULF, D BENGOUFA, A LAZARETH, R SZALAT, M MALPHETTES, ...","Clinical Lymphoma, Myeloma & Leukemia 13, s254-s255, 2013","0","https://scholar.google.com/citations?view_op=view_citation&hl=en&user=NfS-5IQAAAAJ&cstart=100&pagesize=100&authuser=1&citation_for_view=NfS-5IQAAAAJ:JoZmwDi-zQgC"
"2013","Xanthogranulome nécrobiotique et myélome multiple","FZ Elfatoiki, P Shneider, R Szalat, M Bagot","Annales de Dermatologie et de Vénéréologie 140, S103, 2013","0","https://scholar.google.com/citations?view_op=view_citation&hl=en&user=NfS-5IQAAAAJ&cstart=100&pagesize=100&authuser=1&citation_for_view=NfS-5IQAAAAJ:maZDTaKrznsC"
"2012","Impact of Tandem Autologous/Non Myeloablative Allogeneic Hematopoietic Stem Cell Transplantation in Patients with Multiple Myeloma Relapsing After a First High Dose Therapy in …","S Harel, S Bernard, S Chevret, RP de Latour, L Karlin, M Robin, L Ades, ...","Blood 120 (21), 2035, 2012","0","https://scholar.google.com/citations?view_op=view_citation&hl=en&user=NfS-5IQAAAAJ&cstart=100&pagesize=100&authuser=1&citation_for_view=NfS-5IQAAAAJ:iH-uZ7U-co4C"
"2011","Total Body Irradiation (TBI) or Busulfan (Bu) Plus High Dose Melphalan After Bortezomib (Bz) Containing Regimen As Front Line Treatment of High Risk Multiple Myeloma (MM …","B Arnulf, R Szalat, L Karlin, S Harel, B Asli, M Malphettes, J Soulier, ...","Blood 118 (21), 4501, 2011","0","https://scholar.google.com/citations?view_op=view_citation&hl=en&user=NfS-5IQAAAAJ&cstart=100&pagesize=100&authuser=1&citation_for_view=NfS-5IQAAAAJ:-f6ydRqryjwC"
"2010","Xanthomatoses et immunoglobuline monoclonale: à propos de 18 observations et revue de 233 cas de la littérature","R Szalat","Unknown","0","https://scholar.google.com/citations?view_op=view_citation&hl=en&user=NfS-5IQAAAAJ&cstart=100&pagesize=100&authuser=1&citation_for_view=NfS-5IQAAAAJ:bFI3QPDXJZMC"
"2008","Anticorps anti-NuMA (Anti-Nuclear Mitotic Apparitus): corrélation clinique et immunologique à partir de 14 cas et revue de la littérature","R Szalat, D Sène, P Ghillani-Dalbin, M Jallaoui, L Musset, P Cacoub","La Revue de médecine interne 29, S314, 2008","0","https://scholar.google.com/citations?view_op=view_citation&hl=en&user=NfS-5IQAAAAJ&cstart=100&pagesize=100&authuser=1&citation_for_view=NfS-5IQAAAAJ:e5wmG9Sq2KIC"
"2008","Manifestations pulmonaires au cours du syndrome de Gougerot-Sjögren (SGS) à partir d’une série monocentrique de 108 patients","M Jallouli, D Sène, Z Amoura, R Szalat, N Costedoat-Chalumeau, S Trad, ...","La Revue de médecine interne 29, S317-S318, 2008","0","https://scholar.google.com/citations?view_op=view_citation&hl=en&user=NfS-5IQAAAAJ&cstart=100&pagesize=100&authuser=1&citation_for_view=NfS-5IQAAAAJ:8k81kl-MbHgC"
